Title,Price,Rating,Reviews
realme C33 2023 Night Sea 64 GB 4 GB RAM ,9999,4 5,2 224 Ratings 69 Reviews
realme C33 2023 Sandy Gold 64 GB 4 GB RAM ,9999,4 5,2 224 Ratings 69 Reviews
realme C33 2023 Aqua Blue 64 GB 4 GB RAM ,9999,4 5,2 224 Ratings 69 Reviews
Realme C30 Locked with Airtel Prepaid Denim Black 32 GB 2 GB RAM ,5549,4 2,98 971 Ratings 5 318 Reviews
Realme C30 Locked with Airtel Prepaid Lake Blue 32 GB 2 GB RAM ,5549,4 2,98 971 Ratings 5 318 Reviews
realme C55 Sunshower 128 GB 8 GB RAM ,13999,4 4,4 616 Ratings 288 Reviews
realme C55 Rainy Night 128 GB 8 GB RAM ,13999,4 4,4 616 Ratings 288 Reviews
realme C55 Sunshower 64 GB 4 GB RAM ,10999,4 4,11 300 Ratings 809 Reviews
realme C55 Sunshower 64 GB 6 GB RAM ,11999,4 3,3 970 Ratings 267 Reviews
realme C55 Rainy Night 64 GB 6 GB RAM ,11999,4 3,3 970 Ratings 267 Reviews
realme C55 Rainy Night 64 GB 4 GB RAM ,10999,4 4,11 300 Ratings 809 Reviews
realme C35 Glowing Black 64 GB 4 GB RAM ,11999,4 4,1 81 217 Ratings 10 184 Reviews
realme C35 Glowing Green 64 GB 4 GB RAM ,11999,4 4,1 81 217 Ratings 10 184 Reviews
realme C35 Glowing Black 128 GB 4 GB RAM ,11999,4 4,1 81 217 Ratings 10 184 Reviews
realme 9 5G SE Azure Glow 128 GB 8 GB RAM ,18999,4 3,2 815 Ratings 250 Reviews
realme 9 5G SE Starry Glow 128 GB 8 GB RAM ,18999,4 3,2 815 Ratings 250 Reviews
realme C35 Glowing Green 128 GB 6 GB RAM ,13999,4 3,16 300 Ratings 993 Reviews
Realme C30 Locked with Airtel Prepaid Bamboo Green 32 GB 2 GB RAM ,5549,4 2,98 971 Ratings 5 318 Reviews
realme 10 Pro 5G Nebula Blue 256 GB 8 GB RAM ,27999,4 5,9 153 Ratings 928 Reviews
realme 10 Pro 5G Nebula Blue 128 GB 8 GB RAM ,25999,4 5,9 153 Ratings 928 Reviews
realme 10 Pro 5G Nebula Blue 128 GB 8 GB RAM ,19999,4 4,9 785 Ratings 725 Reviews
realme 10 Pro 5G Hyperspace 128 GB 6 GB RAM ,18999,4 4,16 230 Ratings 1 224 Reviews
realme 10 Pro 5G Dark Matter 128 GB 6 GB RAM ,18999,4 4,16 230 Ratings 1 224 Reviews
realme 10 Pro 5G Nebula Blue 128 GB 6 GB RAM ,18999,4 4,16 230 Ratings 1 224 Reviews
